username,day_of_use
user_001,2023-10-29
user_001,2023-10-14
user_002,2023-11-16
user_002,2024-08-24
user_002,2023-02-21
user_003,2023-05-12
user_003,2023-01-19
user_003,2023-04-12
user_003,2023-07-05
user_003,2024-07-24
user_003,2024-09-25
user_003,2023-05-03
user_003,2024-08-21
user_003,2023-01-09
user_003,2024-11-29
user_003,2024-10-11
user_003,2023-10-30
user_003,2023-07-06
user_003,2024-06-11
user_003,2024-11-01
user_003,2024-02-18
user_003,2023-09-08
user_003,2024-08-22
user_003,2024-10-21
user_003,2024-08-03
user_003,2024-06-25
user_003,2023-08-14
user_003,2024-08-07
user_003,2023-08-05
user_003,2023-06-20
user_003,2023-03-27
user_003,2023-05-06
user_003,2024-07-31
user_003,2024-07-18
user_003,2024-02-23
user_003,2024-05-01
user_003,2023-08-21
user_003,2023-06-10
user_003,2023-11-30
user_003,2023-03-01
user_003,2023-08-27
user_003,2024-09-27
user_003,2023-01-21
user_004,2024-03-15
user_005,2024-01-09
user_005,2023-06-22
user_005,2024-01-05
user_005,2024-11-13
user_005,2023-01-08
user_005,2024-01-16
user_005,2023-03-31
user_005,2024-06-10
user_006,2024-09-29
user_006,2023-11-18
user_006,2024-09-14
user_006,2024-01-24
user_006,2024-11-18
user_006,2024-08-26
user_006,2023-10-24
user_006,2023-10-08
user_007,2024-09-14
user_007,2023-04-01
user_007,2023-11-15
user_007,2023-02-23
user_007,2023-12-03
user_007,2024-01-12
user_007,2023-02-02
user_007,2023-01-19
user_007,2024-09-02
user_007,2023-05-31
user_007,2024-11-04
user_007,2023-04-19
user_007,2023-02-06
user_007,2023-03-16
user_007,2024-05-17
user_007,2024-06-05
user_007,2023-10-06
user_007,2023-10-20
user_007,2023-12-01
user_008,2023-12-01
user_008,2023-03-28
user_008,2023-03-23
user_008,2023-04-07
user_008,2023-11-02
user_008,2024-07-28
user_008,2023-03-13
user_008,2023-11-15
user_008,2023-06-25
user_008,2023-07-21
user_008,2023-07-12
user_008,2023-09-24
user_008,2024-08-30
user_008,2024-11-14
user_008,2023-03-26
user_008,2023-03-08
user_008,2024-10-17
user_008,2024-09-05
user_008,2024-09-14
user_008,2024-10-24
user_009,2023-08-05
user_009,2023-06-21
user_009,2024-04-21
user_009,2024-03-08
user_009,2024-10-30
user_009,2024-07-15
user_009,2024-02-09
user_009,2024-11-19
user_009,2023-04-18
user_009,2023-10-22
user_009,2023-01-28
user_009,2023-04-12
user_009,2023-08-18
user_009,2024-11-02
user_009,2024-08-19
user_009,2024-04-24
user_009,2023-07-17
user_009,2023-02-13
user_009,2023-04-03
user_009,2024-06-24
user_009,2023-03-06
user_009,2023-05-10
user_009,2023-05-25
user_009,2024-04-14
user_009,2023-01-05
user_009,2023-08-03
user_009,2024-06-16
user_009,2024-04-13
user_009,2024-12-01
user_009,2024-04-03
user_009,2023-09-24
user_009,2024-07-26
user_009,2023-11-24
user_009,2023-10-25
user_009,2023-03-08
user_009,2024-02-16
user_009,2024-06-19
user_009,2023-07-21
user_009,2024-09-01
user_009,2024-08-15
user_009,2024-02-19
user_009,2023-11-07
user_010,2024-02-16
user_010,2023-04-24
user_010,2023-10-14
user_010,2023-11-01
user_010,2023-08-21
user_010,2023-03-26
user_010,2024-11-12
user_010,2024-01-12
user_010,2024-07-04
user_010,2024-10-13
user_010,2023-02-02
user_010,2024-10-27
user_010,2023-06-04
user_010,2024-09-03
user_011,2024-04-26
user_011,2023-08-12
user_011,2024-10-12
user_011,2024-05-14
user_012,2024-07-19
user_012,2023-11-02
user_012,2024-10-05
user_012,2023-01-13
user_012,2023-12-24
user_012,2024-06-08
user_012,2023-12-22
user_012,2023-07-19
user_012,2023-04-01
user_012,2023-07-10
user_012,2023-07-03
user_012,2024-05-22
user_012,2023-11-07
user_012,2023-01-27
user_012,2023-02-26
user_012,2024-01-26
user_012,2023-02-19
user_012,2023-08-04
user_012,2023-05-02
user_013,2024-09-28
user_013,2024-02-20
user_013,2023-03-25
user_013,2023-12-21
user_013,2024-09-11
user_013,2023-01-28
user_013,2023-05-26
user_013,2023-08-28
user_013,2024-03-05
user_013,2023-07-21
user_013,2024-03-19
user_013,2024-02-05
user_013,2024-03-31
user_013,2024-11-30
user_013,2024-08-24
user_013,2024-06-22
user_013,2023-04-18
user_014,2024-08-23
user_014,2024-04-04
user_014,2024-06-30
user_014,2024-10-16
user_014,2023-08-10
user_014,2024-09-12
user_014,2023-05-17
user_014,2024-03-21
user_014,2024-08-21
user_014,2023-11-08
user_014,2024-05-09
user_015,2024-02-04
user_015,2023-01-06
user_015,2024-03-21
user_015,2023-06-10
user_016,2023-12-13
user_016,2023-10-15
user_016,2024-05-07
user_016,2023-07-16
user_016,2024-11-05
user_016,2024-01-25
user_016,2023-09-01
user_016,2023-04-29
user_016,2024-08-20
user_016,2024-01-23
user_016,2024-06-15
user_016,2023-08-03
user_016,2023-11-03
user_016,2024-07-25
user_016,2023-06-15
user_016,2024-01-11
user_016,2023-07-21
user_016,2023-01-03
user_016,2024-01-07
user_016,2023-06-21
user_016,2024-04-02
user_016,2024-04-09
user_016,2023-01-07
user_016,2024-04-17
user_016,2023-05-14
user_016,2023-06-17
user_017,2024-03-01
user_017,2023-07-25
user_017,2023-04-23
user_017,2024-04-29
user_017,2024-02-05
user_017,2023-09-09
user_017,2023-03-28
user_017,2023-08-05
user_017,2023-03-25
user_018,2023-09-04
user_018,2023-08-13
user_018,2023-11-19
user_018,2023-03-09
user_018,2024-08-01
user_018,2024-11-23
user_018,2024-04-22
user_018,2023-03-05
user_018,2024-05-21
user_018,2024-07-11
user_018,2024-03-20
user_018,2023-07-21
user_019,2024-06-28
user_019,2024-02-18
user_019,2023-12-28
user_019,2023-02-05
user_019,2023-07-10
user_019,2024-03-17
user_019,2024-06-12
user_019,2024-05-03
user_019,2024-02-28
user_020,2023-11-23
user_020,2024-06-30
user_020,2024-02-06
user_020,2023-03-08
user_020,2023-05-08
user_020,2024-08-27
user_021,2023-03-14
user_021,2023-05-23
user_021,2023-11-22
user_021,2023-05-07
user_021,2024-03-25
user_021,2024-02-26
user_021,2023-09-04
user_021,2024-07-04
user_021,2023-06-17
user_021,2024-11-04
user_021,2024-10-20
user_021,2023-12-06
user_021,2024-05-19
user_021,2024-02-23
user_021,2024-10-27
user_021,2024-08-02
user_021,2024-01-02
user_021,2023-01-04
user_021,2024-08-24
user_021,2023-12-27
user_021,2023-09-25
user_021,2023-03-18
user_021,2024-08-20
user_021,2024-06-30
user_021,2024-07-25
user_021,2023-11-11
user_021,2023-01-20
user_021,2024-05-25
user_021,2023-03-24
user_021,2024-04-19
user_021,2024-08-15
user_022,2023-04-26
user_022,2023-11-12
user_022,2024-03-12
user_022,2024-07-05
user_022,2023-11-18
user_022,2023-09-28
user_023,2023-02-27
user_023,2023-12-18
user_023,2023-01-30
user_023,2023-01-07
user_023,2024-10-17
user_023,2023-05-17
user_023,2023-12-28
user_023,2023-06-10
user_024,2023-01-27
user_024,2023-08-23
user_024,2024-02-15
user_024,2023-02-03
user_024,2024-11-14
user_024,2023-04-18
user_024,2023-12-18
user_024,2023-02-08
user_024,2024-01-28
user_024,2023-01-11
user_024,2023-04-12
user_024,2024-10-21
user_025,2023-11-26
user_025,2024-11-05
user_025,2024-10-20
user_025,2024-09-29
user_025,2023-08-28
user_025,2023-12-31
user_025,2024-02-09
user_025,2024-10-17
user_025,2024-10-15
user_025,2023-10-03
user_025,2024-08-11
user_025,2023-10-16
user_025,2024-07-17
user_025,2023-07-24
user_025,2024-05-17
user_025,2024-08-20
user_025,2023-12-28
user_025,2024-06-21
user_025,2023-11-24
user_025,2023-03-13
user_025,2023-08-14
user_025,2024-06-27
user_025,2023-01-08
user_025,2024-04-28
user_025,2023-11-30
user_025,2024-03-06
user_025,2024-11-18
user_025,2023-12-07
user_025,2024-02-11
user_025,2024-04-13
user_026,2023-05-16
user_026,2024-06-24
user_026,2023-01-19
user_026,2024-04-16
user_026,2023-06-14
user_026,2024-04-18
user_026,2023-08-03
user_026,2023-11-24
user_026,2023-04-12
user_027,2024-02-12
user_027,2023-10-18
user_027,2023-01-17
user_027,2023-07-28
user_027,2024-08-08
user_027,2024-04-29
user_027,2023-01-06
user_027,2023-09-01
user_027,2024-07-06
user_028,2023-01-30
user_028,2023-08-26
user_028,2023-12-24
user_028,2023-12-18
user_028,2023-09-18
user_028,2024-07-01
user_028,2023-05-25
user_028,2024-09-22
user_028,2024-07-16
user_028,2024-10-04
user_028,2024-07-24
user_028,2023-01-20
user_028,2023-10-09
user_028,2024-08-19
user_028,2024-11-06
user_028,2024-02-28
user_028,2024-05-01
user_028,2023-08-29
user_028,2024-03-11
user_028,2023-09-24
user_029,2023-10-04
user_029,2024-09-01
user_029,2024-03-30
user_029,2023-04-17
user_029,2023-08-03
user_029,2024-01-04
user_029,2023-09-11
user_029,2024-11-23
user_029,2023-05-21
user_029,2023-02-20
user_029,2023-01-20
user_029,2024-07-15
user_029,2023-12-07
user_029,2023-03-07
user_029,2023-08-01
user_029,2024-08-27
user_029,2024-08-05
user_029,2023-04-20
user_029,2024-07-09
user_029,2024-01-24
user_029,2024-02-28
user_029,2023-01-27
user_030,2023-06-30
user_030,2023-08-25
user_031,2024-10-11
user_031,2024-11-24
user_031,2023-02-25
user_031,2024-09-20
user_031,2023-01-29
user_031,2023-05-07
user_031,2024-03-26
user_031,2023-02-13
user_031,2024-05-21
user_031,2024-03-23
user_031,2024-09-12
user_031,2024-04-19
user_031,2023-03-30
user_031,2023-02-12
user_031,2024-02-07
user_031,2023-10-07
user_031,2024-03-01
user_031,2023-12-15
user_031,2023-03-28
user_031,2023-05-10
user_031,2024-10-02
user_031,2024-04-25
user_031,2023-09-03
user_031,2023-05-13
user_031,2023-03-25
user_031,2024-10-22
user_031,2023-10-18
user_031,2024-07-20
user_031,2023-05-15
user_031,2023-04-13
user_031,2023-01-15
user_031,2024-11-23
user_031,2024-07-21
user_031,2023-09-27
user_031,2024-07-18
user_031,2024-06-26
user_031,2024-11-22
user_031,2024-08-20
user_031,2024-02-05
user_031,2023-09-02
user_031,2024-10-01
user_031,2023-12-21
user_031,2023-05-14
user_031,2023-09-17
user_031,2023-04-25
user_031,2024-03-31
user_031,2023-09-16
user_032,2023-10-14
user_032,2023-03-31
user_032,2023-03-25
user_033,2023-08-17
user_033,2024-07-28
user_033,2024-05-16
user_033,2024-04-12
user_033,2024-11-05
user_033,2023-04-25
user_033,2023-11-15
user_033,2024-06-04
user_033,2023-10-17
user_033,2023-02-13
user_033,2023-09-13
user_033,2024-06-23
user_033,2023-11-03
user_033,2023-05-06
user_033,2023-12-22
user_033,2023-05-27
user_033,2023-06-27
user_034,2024-07-28
user_034,2023-06-13
user_034,2024-09-28
user_034,2023-03-21
user_035,2024-06-10
user_036,2024-08-01
user_036,2024-05-17
user_036,2023-04-01
user_036,2024-11-05
user_036,2023-12-17
user_036,2024-06-26
user_037,2023-07-30
user_037,2023-06-22
user_038,2023-03-04
user_038,2024-02-18
user_038,2023-09-20
user_038,2023-07-13
user_038,2024-03-23
user_038,2023-12-11
user_038,2024-11-28
user_038,2023-01-04
user_038,2024-04-08
user_038,2023-04-28
user_038,2023-12-09
user_039,2024-10-21
user_039,2023-07-06
user_039,2024-09-10
user_039,2024-04-14
user_039,2024-04-12
user_039,2024-03-07
user_039,2024-06-29
user_039,2023-12-11
user_040,2023-09-11
user_040,2023-02-18
user_040,2023-03-15
user_040,2024-07-12
user_040,2024-01-02
user_041,2023-06-06
user_041,2024-06-08
user_041,2023-06-14
user_041,2024-01-29
user_041,2024-06-21
user_041,2023-04-19
user_041,2023-07-30
user_041,2024-01-23
user_041,2024-01-13
user_041,2024-04-19
user_041,2024-06-01
user_041,2024-05-21
user_041,2023-07-15
user_042,2023-07-22
user_042,2024-01-16
user_043,2024-04-15
user_043,2024-07-05
user_043,2023-02-03
user_043,2023-05-10
user_043,2024-11-05
user_044,2023-05-02
user_044,2024-10-23
user_044,2024-10-11
user_044,2023-06-29
user_044,2023-11-15
user_045,2023-03-10
user_045,2023-03-23
user_045,2023-06-04
user_045,2023-11-16
user_045,2023-11-05
user_045,2024-07-22
user_045,2024-08-28
user_045,2023-08-01
user_045,2024-09-24
user_046,2023-11-05
user_046,2023-07-02
user_046,2024-09-18
user_046,2024-10-28
user_046,2024-01-29
user_046,2023-08-16
user_046,2023-01-21
user_046,2024-04-17
user_046,2023-10-01
user_046,2023-02-08
user_046,2024-08-17
user_046,2023-11-28
user_046,2023-09-01
user_046,2024-03-19
user_046,2024-06-09
user_046,2024-05-20
user_046,2024-04-24
user_046,2024-02-22
user_046,2024-01-24
user_046,2023-05-17
user_046,2024-06-25
user_046,2023-08-04
user_046,2024-10-13
user_046,2023-01-29
user_046,2024-04-13
user_046,2023-11-29
user_046,2024-10-30
user_046,2023-03-26
user_046,2023-01-27
user_046,2024-08-18
user_046,2023-12-26
user_046,2023-04-07
user_046,2023-02-15
user_046,2023-04-15
user_046,2024-01-16
user_046,2023-09-14
user_047,2023-09-02
user_048,2023-07-15
user_048,2024-11-09
user_048,2024-11-16
user_048,2023-09-09
user_048,2023-06-07
user_048,2023-03-15
user_048,2023-07-29
user_048,2024-07-08
user_048,2024-01-16
user_048,2023-08-20
user_048,2024-01-19
user_048,2023-03-18
user_048,2024-02-19
user_048,2023-04-15
user_048,2023-05-15
user_048,2023-04-18
user_048,2023-06-11
user_048,2023-02-08
user_048,2023-01-31
user_048,2024-03-04
user_048,2024-06-23
user_048,2024-08-01
user_049,2024-07-23
user_049,2023-08-23
user_049,2024-07-16
user_050,2023-11-10
user_050,2024-08-25
user_050,2024-04-15
user_050,2023-07-08
user_050,2023-01-17
user_050,2023-07-29
user_050,2024-01-27
user_050,2023-06-17
user_050,2023-11-15
user_050,2023-09-20
user_050,2023-04-15
user_050,2024-02-04
user_050,2024-06-11
user_050,2024-11-18
user_050,2023-08-20
user_050,2024-11-30
user_050,2024-03-09
user_050,2024-07-11
user_050,2023-05-31
user_050,2023-12-14
user_050,2024-09-06
user_050,2023-10-13
user_051,2023-06-18
user_052,2023-02-19
user_052,2024-08-17
user_052,2023-10-04
user_052,2023-08-19
user_053,2023-12-21
user_053,2024-03-23
user_053,2024-05-23
user_053,2023-10-15
user_053,2023-09-20
user_053,2023-05-08
user_053,2023-10-11
user_053,2024-05-28
user_053,2024-05-13
user_053,2023-09-24
user_053,2024-09-30
user_054,2023-07-12
user_054,2023-08-08
user_054,2024-09-11
user_054,2024-06-22
user_055,2023-02-05
user_055,2023-07-29
user_055,2023-03-22
user_055,2023-10-30
user_055,2024-11-10
user_056,2024-11-07
user_056,2024-02-09
user_056,2023-12-24
user_056,2024-03-05
user_056,2023-03-05
user_056,2023-02-20
user_056,2023-10-26
user_056,2024-02-18
user_056,2023-07-29
user_056,2024-09-30
user_056,2023-06-24
user_056,2023-07-27
user_056,2024-03-24
user_056,2023-08-27
user_056,2023-11-22
user_056,2024-11-09
user_056,2024-09-05
user_057,2023-12-27
user_057,2024-08-31
user_058,2024-05-19
user_058,2024-10-03
user_058,2023-02-22
user_058,2024-10-06
user_058,2024-02-26
user_058,2023-01-09
user_058,2023-07-13
user_058,2023-08-09
user_058,2024-08-05
user_058,2024-02-12
user_058,2023-05-05
user_058,2023-06-20
user_059,2023-02-06
user_059,2023-10-23
user_059,2024-09-06
user_059,2023-04-07
user_059,2024-02-14
user_059,2023-02-17
user_059,2023-12-04
user_059,2024-06-15
user_059,2023-05-18
user_059,2024-07-09
user_059,2024-01-14
user_059,2024-07-25
user_059,2023-03-05
user_059,2024-07-08
user_059,2024-02-26
user_059,2024-05-08
user_059,2024-09-19
user_059,2024-10-08
user_059,2023-09-06
user_059,2023-12-28
user_059,2023-09-08
user_059,2023-01-20
user_059,2024-05-23
user_059,2024-04-10
user_059,2024-05-02
user_059,2024-01-21
user_060,2024-11-19
user_060,2024-10-05
user_060,2023-12-12
user_060,2024-08-20
user_060,2023-09-29
user_060,2024-02-01
user_060,2024-11-25
user_060,2023-05-08
user_060,2024-03-10
user_060,2023-04-14
user_060,2023-01-10
user_060,2024-07-13
user_060,2023-09-23
user_060,2023-12-19
user_060,2024-10-17
user_060,2023-08-20
user_060,2024-11-06
user_061,2024-01-26
user_061,2023-10-03
user_061,2024-09-30
user_062,2023-02-13
user_062,2024-09-03
user_062,2024-05-07
user_062,2023-05-02
user_062,2023-06-22
user_062,2023-04-25
user_062,2024-07-18
user_062,2023-01-01
user_062,2023-11-23
user_062,2024-09-05
user_062,2024-10-22
user_062,2023-10-20
user_062,2023-06-13
user_063,2024-01-03
user_063,2023-12-21
user_063,2024-06-01
user_063,2023-10-19
user_063,2024-01-13
user_063,2023-09-27
user_063,2023-09-19
user_063,2023-07-31
user_064,2023-01-22
user_064,2023-01-01
user_064,2024-05-26
user_064,2024-08-30
user_064,2023-02-20
user_064,2023-10-29
user_064,2024-11-02
user_064,2024-05-14
user_065,2023-03-05
user_065,2023-09-21
user_065,2023-01-11
user_065,2024-09-23
user_065,2024-10-24
user_065,2023-10-25
user_065,2024-09-22
user_066,2024-04-15
user_067,2024-11-19
user_067,2024-10-27
user_067,2024-03-24
user_067,2024-04-26
user_067,2024-06-21
user_067,2024-06-17
user_067,2024-05-24
user_068,2023-02-26
user_068,2024-11-05
user_068,2023-04-25
user_068,2023-12-02
user_068,2023-02-17
user_068,2023-10-03
user_068,2023-07-19
user_068,2023-01-31
user_068,2024-02-19
user_068,2024-01-09
user_068,2024-10-31
user_068,2024-10-26
user_068,2023-07-13
user_068,2023-01-23
user_068,2023-05-03
user_068,2023-04-16
user_068,2023-04-06
user_068,2023-10-28
user_068,2024-10-02
user_068,2023-01-12
user_068,2023-09-04
user_069,2024-04-14
user_069,2023-01-05
user_069,2024-03-09
user_069,2024-06-01
user_069,2023-12-24
user_069,2024-08-26
user_069,2023-03-13
user_069,2023-11-26
user_069,2023-06-05
user_069,2024-01-09
user_069,2024-03-18
user_069,2024-02-23
user_069,2024-08-16
user_069,2023-09-14
user_070,2024-01-07
user_071,2023-03-22
user_071,2023-10-16
user_071,2023-06-27
user_071,2023-08-31
user_071,2024-02-11
user_071,2023-08-01
user_071,2023-09-25
user_071,2024-10-09
user_071,2024-11-22
user_071,2023-10-14
user_071,2023-03-20
user_071,2024-05-24
user_071,2024-09-24
user_071,2023-12-19
user_072,2023-04-25
user_072,2024-06-21
user_072,2023-11-29
user_072,2024-03-03
user_072,2023-07-17
user_072,2024-10-14
user_072,2023-08-19
user_072,2023-01-26
user_072,2024-06-01
user_072,2023-12-03
user_072,2024-06-04
user_072,2024-03-16
user_072,2023-07-13
user_072,2024-03-27
user_072,2023-04-15
user_072,2024-11-05
user_072,2023-08-23
user_072,2024-11-12
user_072,2023-11-08
user_073,2023-06-21
user_073,2024-04-02
user_073,2024-02-29
user_073,2023-01-15
user_073,2023-06-10
user_074,2023-10-13
user_074,2024-02-25
user_074,2024-11-20
user_074,2023-01-22
user_074,2023-03-13
user_075,2023-07-14
user_075,2024-04-20
user_075,2024-02-12
user_075,2024-01-07
user_075,2023-04-21
user_075,2023-04-09
user_075,2024-03-15
user_075,2024-07-23
user_075,2023-03-04
user_076,2024-06-24
user_076,2023-09-03
user_076,2024-05-16
user_076,2024-03-08
user_077,2024-08-25
user_077,2023-06-11
user_077,2023-06-26
user_077,2023-11-03
user_077,2024-10-12
user_077,2023-01-11
user_077,2023-08-24
user_077,2023-07-17
user_077,2023-07-12
user_077,2024-02-07
user_077,2024-02-27
user_077,2024-04-14
user_077,2023-04-28
user_077,2024-07-06
user_077,2023-03-28
user_077,2023-09-02
user_077,2024-06-23
user_077,2023-12-06
user_077,2024-10-23
user_077,2023-01-28
user_078,2023-03-27
user_079,2023-07-03
user_079,2024-10-24
user_079,2024-01-20
user_079,2023-12-14
user_079,2023-08-30
user_079,2023-10-02
user_079,2024-06-10
user_079,2023-05-02
user_079,2024-09-20
user_079,2023-06-12
user_079,2024-07-02
user_080,2023-06-09
user_080,2023-03-17
user_080,2023-12-25
user_080,2024-09-10
user_080,2024-05-31
user_080,2024-10-28
user_080,2024-06-13
user_080,2023-09-30
user_080,2023-06-19
user_080,2023-03-26
user_081,2023-05-25
user_081,2023-10-22
user_081,2024-03-08
user_081,2024-02-14
user_081,2024-06-06
user_081,2024-05-20
user_081,2023-07-01
user_082,2024-03-21
user_082,2024-02-03
user_082,2023-08-01
user_082,2024-01-07
user_082,2024-05-14
user_082,2023-08-05
user_082,2024-10-11
user_082,2023-02-22
user_082,2024-06-24
user_082,2023-08-14
user_083,2023-10-31
user_083,2024-01-01
user_084,2023-06-05
user_084,2023-09-23
user_085,2023-02-22
user_085,2024-04-27
user_085,2023-07-17
user_085,2024-09-28
user_085,2023-01-03
user_085,2024-01-19
user_085,2024-09-22
user_085,2023-09-12
user_085,2023-07-27
user_085,2023-12-16
user_085,2023-02-25
user_085,2023-11-15
user_085,2023-06-10
user_085,2023-12-03
user_085,2024-08-06
user_085,2023-12-02
user_085,2024-02-03
user_085,2023-04-04
user_085,2024-02-13
user_086,2023-03-25
user_086,2023-07-16
user_086,2024-11-26
user_086,2023-04-18
user_086,2024-10-01
user_086,2024-07-10
user_086,2024-04-27
user_086,2023-06-07
user_086,2023-11-14
user_086,2024-11-20
user_086,2023-11-20
user_086,2024-03-19
user_086,2023-08-30
user_086,2024-10-28
user_086,2024-08-01
user_086,2024-09-07
user_086,2024-09-30
user_086,2023-09-22
user_086,2024-07-08
user_086,2024-09-11
user_086,2023-01-23
user_086,2024-08-12
user_087,2024-01-05
user_087,2024-10-28
user_087,2024-10-09
user_087,2024-11-17
user_087,2023-09-18
user_087,2023-07-25
user_087,2024-07-13
user_087,2024-10-25
user_087,2023-01-27
user_087,2023-02-22
user_087,2023-06-18
user_087,2023-03-01
user_087,2023-11-20
user_087,2023-07-07
user_087,2024-09-14
user_087,2024-05-31
user_087,2023-10-18
user_087,2024-01-26
user_087,2024-08-11
user_087,2024-03-24
user_087,2023-08-16
user_087,2024-06-01
user_088,2024-01-08
user_088,2023-06-29
user_088,2023-05-08
user_088,2023-06-21
user_088,2024-11-21
user_088,2023-12-14
user_088,2023-05-10
user_088,2023-04-05
user_088,2024-09-28
user_088,2023-10-05
user_088,2023-08-11
user_088,2024-02-29
user_088,2024-07-04
user_089,2023-05-17
user_089,2023-07-03
user_090,2023-08-08
user_090,2024-01-15
user_090,2024-03-27
user_090,2024-06-21
user_090,2024-01-10
user_090,2023-02-20
user_090,2023-11-28
user_090,2023-11-25
user_090,2023-05-09
user_090,2023-06-20
user_090,2023-04-07
user_090,2024-05-21
user_091,2023-09-30
user_091,2023-04-23
user_091,2024-10-07
user_091,2023-02-09
user_092,2024-11-24
user_092,2023-06-01
user_092,2024-07-02
user_092,2023-08-21
user_092,2024-01-31
user_092,2023-08-10
user_092,2024-01-09
user_092,2023-09-19
user_092,2023-04-03
user_092,2024-06-05
user_092,2023-01-13
user_092,2024-09-14
user_092,2023-08-02
user_092,2023-06-29
user_092,2023-05-06
user_092,2023-01-28
user_092,2023-06-06
user_092,2023-01-20
user_092,2024-11-12
user_092,2023-02-05
user_092,2023-01-21
user_092,2023-06-22
user_092,2024-03-09
user_092,2023-04-04
user_092,2023-10-18
user_092,2024-07-09
user_092,2023-04-01
user_092,2024-09-07
user_092,2024-04-15
user_092,2024-02-02
user_092,2024-02-13
user_092,2023-09-27
user_092,2024-04-12
user_092,2023-07-21
user_092,2023-04-10
user_092,2023-05-26
user_092,2023-04-28
user_092,2024-07-22
user_092,2024-06-24
user_092,2023-01-26
user_092,2023-09-03
user_092,2023-04-08
user_092,2024-10-09
user_092,2024-06-04
user_092,2023-03-29
user_093,2023-07-23
user_093,2024-09-22
user_093,2023-07-31
user_093,2024-04-13
user_093,2023-10-07
user_093,2024-02-27
user_093,2024-06-17
user_093,2024-04-07
user_093,2024-11-19
user_093,2024-11-04
user_093,2024-08-05
user_093,2023-01-16
user_093,2023-02-24
user_093,2024-03-24
user_093,2024-10-21
user_093,2024-05-15
user_093,2024-11-26
user_093,2024-01-24
user_093,2024-11-14
user_093,2023-07-19
user_093,2023-12-10
user_093,2024-09-26
user_093,2024-10-17
user_093,2024-04-11
user_093,2023-06-08
user_093,2024-02-23
user_093,2024-01-30
user_093,2023-11-01
user_093,2024-07-22
user_093,2023-12-24
user_093,2023-03-31
user_093,2024-06-05
user_093,2024-06-19
user_093,2023-01-03
user_093,2024-07-16
user_093,2024-09-28
user_093,2023-09-21
user_093,2023-08-28
user_093,2023-04-07
user_093,2024-03-13
user_094,2023-06-29
user_094,2024-04-28
user_094,2023-05-15
user_094,2023-10-26
user_094,2024-10-06
user_094,2023-05-10
user_095,2024-01-10
user_095,2023-09-09
user_095,2023-07-15
user_095,2024-06-15
user_095,2023-03-11
user_095,2023-02-14
user_096,2023-12-08
user_096,2024-10-19
user_096,2024-06-25
user_096,2023-08-15
user_096,2024-07-05
user_097,2023-01-15
user_097,2024-11-01
user_097,2023-12-04
user_097,2024-05-03
user_097,2023-08-20
user_097,2023-02-13
user_097,2024-11-19
user_097,2023-11-04
user_097,2023-07-20
user_097,2024-05-22
user_097,2024-02-13
user_097,2024-10-22
user_097,2023-12-03
user_097,2024-04-03
user_097,2023-11-05
user_097,2024-03-14
user_097,2023-09-20
user_097,2023-07-22
user_097,2023-08-07
user_097,2024-08-22
user_097,2023-12-18
user_097,2023-05-26
user_097,2024-08-14
user_097,2024-05-13
user_097,2024-07-22
user_097,2024-05-28
user_097,2023-10-12
user_097,2023-03-31
user_097,2024-07-15
user_098,2024-03-13
user_098,2024-09-11
user_098,2024-04-02
user_098,2024-07-03
user_098,2023-01-06
user_098,2023-05-08
user_098,2024-01-09
user_098,2023-10-23
user_098,2024-09-21
user_098,2023-02-19
user_098,2024-10-03
user_098,2024-08-22
user_098,2024-02-10
user_098,2024-05-10
user_099,2024-06-30
user_100,2023-06-10
user_100,2024-07-03
